peak_id	inchi_key	compound_name
78	BNQXGMKDXNGGJW-KQGVMXTASA-N	1,2-Dioleoyl-Sn-Glycero-3-Phospho-(1'-Myo-Inositol)
79	LALGUHSIWLNTNW-HBQZPISHSA-N	1,2-Di-(9Z-Octadecenoyl)-Sn-Glycero-3-Phospho-(1'-Myo-Inositol)
203	AJFWREUFUPEYII-PAHWMLEVSA-N	2-Oleoyl-1-Stearoyl-Sn-Glycero-3-Phosphoserine
204	AJFWREUFUPEYII-PAHWMLEVSA-N	2-Oleoyl-1-Stearoyl-Sn-Glycero-3-Phosphoserine
208	AGTPCXBHIGMTEU-NREGDSCDSA-M	1-Stearoyl-2-Linoleoyl-Sn-Glycero-3-Phospho-L-Serine
228	ZEFGRNLJASLRBZ-QIJYXWHJSA-N	1-Octadecanoyl-2-(9Z-Octadecenoyl)-Sn-Glycero-3-Phospho-(1'-Sn-Glycerol)
236	MFMFDUSGTGUBKM-UHFFFAOYSA-N	PG(18:1/18:2)
295	PAZGBAOHGQRCBP-DDDNOICHSA-N	1-Hexadecanoyl-2-(9Z-Octadecenoyl)-Sn-Glycero-3-Phospho-(1'-Rac-Glycerol)
302	VCYYBLIRAQBPTM-UHFFFAOYSA-N	PG(16:1/18:1)
309	FXSMMNUNFDTUMS-UHFFFAOYSA-N	PE(18:1/18:1)
375	OJHJKEBRZSDTTL-UHFFFAOYSA-N	PE(16:0/18:1)
380	QVUWNEQTPVMHQT-UHFFFAOYSA-N	PE(16:1/18:1)
381	QVUWNEQTPVMHQT-UHFFFAOYSA-N	PE(16:1/18:1)
399	ZVVYJAAMWXATNY-UHFFFAOYSA-N	PE(P-16:0/18:1)
446	QXSTVVHZCWJIBU-UHFFFAOYSA-N	PE(P-16:0/16:1)
464	BAWFJGJZGIEFAR-NNYOXOHSSA-N	Beta-Nicotinamide Adenine Dinucleotide
538	YPZRWBKMTBYPTK-BJDJZHNGSA-N	Glutathione, Oxidized
546	LFTYTUAZOPRMMI-CFRASDGPSA-N	Uridine Diphosphate-N-Acetylglucosamine
582	HDYANYHVCAPMJV-LXQIFKJMSA-N	Uridine 5'-Diphosphoglucuronic Acid
597	HSCJRCZFDFQWRP-ABVWGUQPSA-N	Uridine 5'-Diphosphogalactose
688	ZKHQWZAMYRWXGA-KQYNXXCUSA-N	Adenosine 5'-Triphosphate
725	PGAVKCOVUIYSFO-XVFCMESISA-N	Uridine 5'-Triphosphate
736	PYVRVRFVLRNJLY-MZMPXXGTSA-N	1-(9Z-Octadecenoyl)-Sn-Glycero-3-Phosphoethanolamine
737	PYVRVRFVLRNJLY-MZMPXXGTSA-N	1-Oleoyl-Sn-Glycero-3-Phosphoethanolamine
796	MAFRHGZTIOAXEL-UHFFFAOYSA-N	PE(16:1/0:0)
797	MAFRHGZTIOAXEL-UHFFFAOYSA-N	PE(16:1/0:0)
836	XTWYTFMLZFPYCI-KQYNXXCUSA-N	Adenosine 5'-Diphosphate
837	XTWYTFMLZFPYCI-KQYNXXCUSA-N	Adenosine 5'-Diphosphate
1091	RNBGYGVWRKECFJ-ZXXMMSQZSA-N	D-Fructose 1,6-Bisphosphate
1224	KBGAYAKRZNYFFG-BOHATCBPSA-N	(-)-N-Acetylneuraminic Acid
1236	RWSXRVCMGQZWBV-UHFFFAOYSA-N	L-Glutathione, Reduced
1275	FZLJPEPAYPUMMR-FMDGEEDCSA-N	Gn1
1467	UGQMRVRMYYASKQ-KQYNXXCUSA-N	Inosine
1501	NBSCHQHZLSJFNQ-QTVWNMPRSA-N	D-Mannose 6-Phosphate
1594	JWBXCSQZLLIOCI-GUBZILKMSA-N	Ile-Leu
1670	BCXBIONYYJCSDF-CIUDSAMLSA-N	Ile-Val
1679	KTVPXOYAKDPRHY-SOOFDHNKSA-N	Ribose-5P
1822	QIVBCDIJIAJPQS-VIFPVBQESA-N	L-Tryptophan
1879	SXZYCXMUPBBULW-SKNVOMKLSA-N	L-Gulono-1,4-Lactone
1880	SXZYCXMUPBBULW-SKNVOMKLSA-N	L-Gulono-1,4-Lactone
1881	SXZYCXMUPBBULW-SKNVOMKLSA-N	L-Gulono-1,4-Lactone
1917	KRKNYBCHXYNGOX-UHFFFAOYSA-N	Citric Acid
1921	XUYPXLNMDZIRQH-LURJTMIESA-N	N-Acetyl-L-Methionine
1922	XUYPXLNMDZIRQH-LURJTMIESA-N	N-Acetyl-L-Methionine
1974	BZQFBWGGLXLEPQ-REOHCLBHSA-N	O-Phospho-Serine
1992	FBPFZTCFMRRESA-JGWLITMVSA-N	D-Sorbitol
2019	QCXJEYYXVJIFCE-UHFFFAOYSA-N	P-Acetaminobenzoic Acid
2058	ODKSFYDXXFIFQN-BYPYZUCNSA-N	Arginine
2064	GTZCVFVGUGFEME-IWQZZHSRSA-N	Cis-Aconitic Acid
2088	GNGACRATGGDKBX-UHFFFAOYSA-N	Dihydroxyacetone Phosphate
2089	GNGACRATGGDKBX-UHFFFAOYSA-N	Dihydroxyacetone Phosphate
2115	COLNVLDHVKWLRT-UHFFFAOYSA-N	DL-Phenylalanine
2245	ZDXPYRJPNDTMRX-VKHMYHEASA-N	Glutamine
2328	DCXYFEDJOCDNAF-UHFFFAOYSA-N	L-Asparagine
2335	CVSVTCORWBXHQV-UHFFFAOYSA-N	Creatine
2336	KTHDTJVBEPMMGL-VKHMYHEASA-N	N-Acetyl-Alanine
2404	AYFVYJQAPQTCCC-UHFFFAOYSA-N	DL-Threonine
2723	WKZHECFHXLTOLJ-QYKFWSDSSA-N	N-Nervonoyl-D-Erythro-Sphingosylphosphorylcholine
2729	WKZHECFHXLTOLJ-UHFFFAOYSA-N	SM(D18:1/24:1)
2732	OJHJKEBRZSDTTL-UHFFFAOYSA-N	PC(18:2/20:1)
2799	WTBFLCSPLLEDEM-JIDRGYQWSA-N	1,2-Dioleoyl-Sn-Glycero-3-Phospho-L-Serine
2802	FJJANLYCZUNFSE-TWKUQIQBSA-N	N-Docosanoyl-4-Sphingenyl-1-O-Phosphorylcholine
2806	SNKAWJBJQDLSFF-NVKMUCNASA-N	1,2-Dioleoyl-Sn-Glycero-3-Phosphatidylcholine
2808	FOECFSINPHCSNE-UHFFFAOYSA-N	PC(18:1/18:1)
2860	DSWOVBIRJNAJAF-NVJOKYTBSA-N	1-(1Z-Octadecenyl)-2-(9Z-Octadecenoyl)-Sn-Glycero-3-Phosphocholine
2910	RRVPPYNAZJRZFR-VYOBOKEXSA-N	1-Oleoyl-2-Palmitoyl-Sn-Glycero-3-Phosphocholine
2920	JLPULHDHAOZNQI-ZTIMHPMXSA-N	1-Hexadecanoyl-2-Octadecadienoyl-Sn-Glycero-3-Phosphocholine
2930	QJWDAOSZZYVBJZ-UHFFFAOYSA-N	PC(16:1/18:2)
2979	MWRBNPKJOOWZPW-NYVOMTAGSA-N	1,2-Dioleoyl-Sn-Glycero-3-Phosphoethanolamine
3024	KIVAJCJTVPWSRJ-OQHNRNOKSA-N	1-(9Z-Octadecenoyl)-2-Tetradecanoyl-Sn-Glycero-3-Phosphocholine
3025	LKQLRGMMMAHREN-NWBJSICCSA-N	N-(Octadecanoyl)Sphing-4-Enine-1-Phosphocholine
3026	LKQLRGMMMAHREN-NWBJSICCSA-N	N-(Octadecanoyl)Sphing-4-Enine-1-Phosphocholine
3161	XGGMHQYOVYWRLV-PSXMRANNSA-N	PC(14:0/16:1)
3162	XGGMHQYOVYWRLV-PSXMRANNSA-N	PC(14:0/16:1)
3167	RWKUXQNLWDTSLO-GWQJGLRPSA-N	Palmitoyl Sphingomyelin
3168	RWKUXQNLWDTSLO-GWQJGLRPSA-N	Palmitoyl Sphingomyelin
3169	RWKUXQNLWDTSLO-GWQJGLRPSA-N	Palmitoyl Sphingomyelin
3267	CITHEXJVPOWHKC-UUWRZZSWSA-N	1,2-Ditetradecanoyl-Sn-Glycero-3-Phosphocholine
3289	XQPYHFHTTVXZKL-UHFFFAOYSA-N	PC(14:0/14:1)
3290	XQPYHFHTTVXZKL-UHFFFAOYSA-N	PC(14:0/14:1)
3327	BAWFJGJZGIEFAR-NNYOXOHSSA-O	NAD
3491	YPZRWBKMTBYPTK-BJDJZHNGSA-N	Glutathione, Oxidized
3513	LFTYTUAZOPRMMI-UHFFFAOYSA-N	Uridine 5'-Diphospho-N-Acetylgalactosamine
3619	YEJYLHKQOBOSCP-OZKTZCCCSA-N	1-Palmitoyl-2-Oleoyl-Sn-Glycerol
3850	YAMUFBLWGFFICM-PTGWMXDISA-N	1-Oleoyl-Sn-Glycero-3-Phosphocholine
3851	YAMUFBLWGFFICM-PTGWMXDISA-N	1-Oleoyl-Sn-Glycero-3-Phosphocholine
3928	ZKHQWZAMYRWXGA-KQYNXXCUSA-N	Adenosine 5'-Triphosphate
3998	ASWBNKHCZGQVJV-HSZRJFAPSA-N	1-Palmitoyl-Sn-Glycero-3-Phosphocholine
3999	ASWBNKHCZGQVJV-HSZRJFAPSA-N	1-Palmitoyl-Sn-Glycero-3-Phosphocholine
4005	LFUDDCMNKWEORN-UHFFFAOYSA-N	PC(16:1/0:0)
4006	LFUDDCMNKWEORN-UHFFFAOYSA-N	PC(16:1/0:0)
4062	VLBPIWYTPAXCFJ-XMMPIXPASA-N	1-Hexadecyl-Sn-Glycero-3-Phosphocholine
4076	PYVRVRFVLRNJLY-MZMPXXGTSA-N	1-Oleoyl-Sn-Glycero-3-Phosphoethanolamine
4077	PYVRVRFVLRNJLY-MZMPXXGTSA-N	1-Oleoyl-Sn-Glycero-3-Phosphoethanolamine
4125	VXUOFDJKYGDUJI-OAQYLSRUSA-N	1-Myristoyl-Sn-Glycero-3-Phosphocholine
4331	XTWYTFMLZFPYCI-KQYNXXCUSA-N	Adenosine 5'-Diphosphate
4430	XCCTYIAWTASOJW-XVFCMESISA-N	Uridine 5_-(Trihydrogen Diphosphate)
4438	ZWIADYZPOWUWEW-XVFCMESISA-N	Cytidine 5'-Diphosphate
4469	MEFKEPWMEQBLKI-AIRLBKTGSA-O	S-Adenosyl-L-Methionine
4514	MQIUGAXCHLFZKX-UHFFFAOYSA-N	Dioctyl Phthalate
4546	ZJUKTBDSGOFHSH-WFMPWKQPSA-N	S-(5'-Adenosyl)-L-Homocysteine
4584	VDYDCVUWILIYQF-ALKRTJFJSA-N	S-Lactoylglutathione
4788	UDMBCSSLTHHNCD-KQYNXXCUSA-N	Adenosine 5'-Monophosphate
4889	YTTRPBWEMMPYSW-VFFCQLMOSA-N	N-Acetylglucosaminylasparagine
4902	CGCZPIJMGKLVTQ-GQCTYLIASA-N	Bicyclo-Prostaglandin E2
4989	IERHLVCPSMICTF-XVFCMESISA-N	Cytidine Monophosphate
5081	KVYUBFKSKZWZSV-FPLPWBNLSA-N	Monopalmitolein (9C)
5108	RWSXRVCMGQZWBV-UHFFFAOYSA-N	L-Glutathione, Reduced
5128	OPVPGKGADVGKTG-UHFFFAOYSA-N	N-Acetylaspartylglutamic Acid
5253	KDZOASGQNOPSCU-WDSKDSINSA-N	Argininosuccinic Acid
5266	HYXQKVOADYPQEA-CIUDSAMLSA-N	Ile-Arg
5301	NYHBQMYGNKIUIF-UUOKFMHZSA-N	Guanosine
5347	KFKWRHQBZQICHA-STQMWFEESA-N	Leu-Phe
5368	OWQDWQKWSLFFFR-UHFFFAOYSA-N	L-Gamma-Glutamyl-L-Glutamic Acid
5377	OWOFCNWTMWOOJJ-WDSKDSINSA-N	Gln-Glu
5390	IBIDRSSEHFLGSD-YUMQZZPRSA-N	Val-Arg
5438	UGQMRVRMYYASKQ-KQYNXXCUSA-N	Inosine
5449	OIRDTQYFTABQOQ-KQYNXXCUSA-N	Adenosine
5509	MYFMARDICOWMQP-JAMMHHFISA-N	Gamma-L-Glutamyl-L-Leucine
5549	SUHOQUVVVLNYQR-MRVPVSSYSA-N	Glycerophosphocholine
5640	JSIQVRIXMINMTA-ZDLURKLDSA-N	Glu-Thr
5666	JKHXYJKMNSSFFL-IUCAKERBSA-N	Val-Lys
5667	IGQBPDJNUXPEMT-SNVBAGLBSA-N	Isovaleryl-L-Carnitine
5669	WVRUNFYJIHNFKD-WDSKDSINSA-N	Arg-Ala
5682	JWBXCSQZLLIOCI-GUBZILKMSA-N	Ile-Leu
5684	QLROSWPKSBORFJ-BQBZGAKWSA-N	Pro-Glu
5862	ZKQOUHVVXABNDG-IUCAKERBSA-N	Pro-Leu
5928	ILRYLPWNYFXEMH-UHFFFAOYSA-N	DL-Cystathionine
5935	OVRNDRQMDRJTHS-PVFLNQBWSA-N	N-Acetyl-D-Glucosamine
5963	XGDCYUQSFDQISZ-BQBZGAKWSA-N	Leu-Ser
5981	QXRNAOYBCYVZCD-BQBZGAKWSA-N	Ala-Lys
6086	YGPSJZOEDVAXAB-QMMMGPOBSA-N	Kynurenine
6133	QIVBCDIJIAJPQS-VIFPVBQESA-N	L-Tryptophan
6134	WDODWBQJVMBHCO-LDWIPMOCSA-N	(1S,4R)-7,7-Dimethyl-2-Oxobicyclo[2.2.1.]Heptane-1-Carboxylic Acid
6140	RDHQFKQIGNGIED-UHFFFAOYSA-N	Acetyl-DL-Carnitine
6141	OVRNDRQMDRJTHS-PVFLNQBWSA-N	N-Acetyl-D-Glucosamine
6142	OVRNDRQMDRJTHS-PVFLNQBWSA-N	N-Acetyl-D-Glucosamine
6148	YDGMGEXADBMOMJ-UHFFFAOYSA-N	N,N-Dimethylarginine
6149	RCFDOSNHHZGBOY-ACZMJKKPSA-N	Ile-Ala
6258	SCCPDJAQCXWPTF-VKHMYHEASA-N	Gly-Asp
6268	RFMMMVDNIPUKGG-YFKPBYRVSA-N	N-Acetyl-L-Glutamic Acid
6269	MXNRLFUSFKVQSK-QMMMGPOBSA-N	Nepsilon,Nepsilon,Nepsilon-Trimethyllysine
6280	KSMRODHGGIIXDV-YFKPBYRVSA-N	N-Acetyl-L-Glutamine
6335	YHHSONZFOIEMCP-UHFFFAOYSA-N	Phosphorylcholine
6371	SEQKRHFRPICQDD-UHFFFAOYSA-N	N-Tris(Hydroxymethyl)Methylglycine
6378	ZUKPVRWZDMRIEO-VKHMYHEASA-N	Cys-Gly
6408	ODKSFYDXXFIFQN-BYPYZUCNSA-N	L-Arginine
6432	RNKSNIBMTUYWSH-UHFFFAOYSA-N	Pro-Gly
6439	AWUCVROLDVIAJX-GSVOUGTGSA-N	Glyceryl Phosphate
6504	UHEUZZJQCNBUAH-UHFFFAOYSA-N	Ethyl 2-(2-Furyl)Propanoate
6524	QEFRNWWLZKMPFJ-YGVKFDHGSA-N	Methionine Sulfoxide
6525	QEFRNWWLZKMPFJ-YGVKFDHGSA-N	L-Methionine Sulfoxide
6621	HNDVDQJCIGZPNO-YFKPBYRVSA-N	L-Histidine
6644	UYTPUPDQBNUYGX-UHFFFAOYSA-N	Guanine
6660	FFEARJCKVFRZRR-BYPYZUCNSA-N	L-Methionine
6668	JACRWUWPXAESPB-UHFFFAOYSA-N	Tropic Acid
6696	KDXKERNSBIXSRK-YFKPBYRVSA-N	L-Lysine
6698	ZDXPYRJPNDTMRX-VKHMYHEASA-N	Glutamine
6708	YXMMTUJDQTVJEN-WDSKDSINSA-N	L-Isoleucine, Methyl Ester
6709	OIPILFWXSMYKGL-UHFFFAOYSA-N	Acetylcholine Cation
6710	JHPNVNIEXXLNTR-UHFFFAOYSA-O	(3-Carboxypropyl)Trimethylammonium Cation
6714	ATHGHQPFGPMSJY-UHFFFAOYSA-N	Spermidine
6715	XQVZDADGTFJAFM-UHFFFAOYSA-N	Indole-7-Carboxaldehyde
6795	FDGQSTZJBFJUBT-UHFFFAOYSA-N	Hypoxanthine
6796	FDGQSTZJBFJUBT-UHFFFAOYSA-N	Hypoxanthine
6804	GFFGJBXGBJISGV-UHFFFAOYSA-N	Adenine
6806	GFFGJBXGBJISGV-UHFFFAOYSA-N	Adenine
6835	CKLJMWTZIZZHCS-UWTATZPHSA-N	D-Aspartic Acid
6843	AHLPHDHHMVZTML-SCSAIBSYSA-N	D-Ornithine
6849	DCXYFEDJOCDNAF-UHFFFAOYSA-N	L-Asparagine
6857	ROHFNLRQFUQHCH-YFKPBYRVSA-N	L-Leucine
6858	AGPKZVBTJJNPAG-UHFFFAOYSA-N	Isoleucine|2-Amino-3-Methylpentanoic Acid
6872	KLZGKIDSEJWEDW-UHFFFAOYSA-N	N-Acetylputrescine
6936	JDSHMPZPIAZGSV-UHFFFAOYSA-N	Melamine
6938	PRJKNHOMHKJCEJ-UHFFFAOYSA-N	4-Imidazoleacetic Acid
7004	ULSIYEODSMZIPX-UHFFFAOYSA-N	2-Amino-1-Phenylethanol
7072	NTYJJOPFIAHURM-UHFFFAOYSA-N	Histamine
